label,message
ham,I'll wait for you at the main gate
ham,Your parcel was delivered to the neighbour
ham,Please call me when you see this message
ham,I'll return your notes after photocopying
ham,Ok see you at the station in ten minutes
spam,Congratulations! Your number won the lucky draw. Send your bank details to receive 10000
ham,Can we reschedule our meeting to Thursday?
ham,"Your book is with me, I'll bring it to class"
ham,"Sorry for the late reply, was sleeping"
ham,"Hey, are we still meeting for lunch at 1?"
ham,"I'm cooking pasta tonight, want to join?"
ham,"The doctor said it's nothing serious, just rest"
ham,Is the meeting still at 4 or has it moved?
ham,"I can't come today, I have a fever"
spam,Last chance! Your reward points expire today. Redeem now by calling 09066350750
ham,Where did you keep the car keys?
ham,Don't forget we have a test on Monday
ham,"I reached safely, will message you later"
spam,Your parcel is on hold due to unpaid customs fee. Pay now at http://parcel-fee.example.org
ham,Which chapter is coming for the internal exam?
ham,"Hey, long time! How have you been?"
ham,"Please don't be late tomorrow, the interview is at 10"
ham,Meeting notes are uploaded on the shared drive
ham,"The train is delayed by an hour, ugh"
spam,Your loan of 50000 is pre-approved! Call now to get money instantly
ham,Can you send me the notes from today's class?
ham,Can you share the project report draft with me
ham,"I'll be home late tonight, don't wait for dinner"
spam,Congratulations! You have won a FREE holiday package. Call 09061234567 now to claim your prize
ham,The seminar starts at 2 in the main auditorium
spam,Exclusive offer: 50% off on all mobile recharges today only. Click the link to activate
spam,Act now! Your free gift card worth 500 is waiting. Click to claim before it expires
spam,PRIVATE! Your 2026 account statement shows 800 unredeemed bonus points. Call 08719180248
ham,"Sorry I missed your call, was in a meeting"
ham,Dad is picking us up from the airport
ham,Congrats on getting the internship! Well deserved
spam,Text STOP to 87070 to unsubscribe. You have won a FREE trip to Goa!
spam,You have won a guaranteed cash prize! To claim call 09050001808 before midnight
ham,"Thanks, got the parcel today"
spam,Double your money in 7 days guaranteed! Join our investment plan now
spam,FREE entry into our weekly draw to win 1000 cash! Text WIN to 87121 now. T&C apply
ham,"Running a bit late, start without me"
ham,"The power went out here, studying with candles lol"
ham,"I'm at the library, come if you want to study together"
ham,Can you check if I left my wallet in your car?
ham,"Reached the office, it's raining heavily here"
ham,Can we talk tonight? Need some advice
ham,"Good night, talk to you tomorrow"
ham,Let's meet near the canteen after the lecture
spam,Hot singles in your area want to chat! Text DATE to 89555 now
ham,What are you doing this weekend?
spam,Claim your free ringtone now! Text TONE to 85555. Only 1.50 per week
spam,Congratulations! You have won a FREE holiday package. Call 09061234567 now to claim your prize
spam,"Congratulations, you are our lucky winner of a free iPhone! Text CLAIM to 81010"
ham,Ok I will bring the speakers for the party
ham,Tell me when you reach home safely
ham,Let me know when you are free to talk
ham,"Dinner was amazing, we should go there again"
ham,Send me the address and I will come there
spam,Urgent: Your bank KYC is pending. Update now or your account will be blocked. Click the link
ham,Did the professor upload the slides yet?
ham,"Lunch is ready, come downstairs"
ham,"My phone battery is about to die, call you later"
ham,"I found your umbrella in my bag, will return it tomorrow"
spam,URGENT! Your mobile number has been selected for a 5000 pound cash reward. Reply WIN to 80086
spam,FREE MSG: You have won a 2000 shopping voucher. Call 08712300034 to claim now
spam,Free entry to win concert tickets! Text MUSIC to 80082 now. 18+ only
ham,"The bus is late again, waiting at the stop"
ham,How is your grandmother doing now?
ham,The lab report deadline got extended to Friday
ham,"Just landed, waiting for my luggage"
ham,I will transfer the money for the tickets tonight
spam,"Get cheap loans approved in minutes, no credit check! Reply YES to 69888"
ham,I'll be there in 5 minutes
ham,I'll call you after my exam gets over
spam,Earn money from home! Make 500 a day with no experience. Reply JOB to 64444
ham,"We are planning a trip to the hills next month, interested?"
ham,Are you coming to the cricket match on Sunday?
ham,Ok see you at the station in ten minutes
ham,Did you finish the assignment for tomorrow?
spam,WINNER!! As a valued customer you have won a prize of 900. Call 09012345678 to claim. Valid 12 hours
spam,Important: You have received a cash bonus. Call 09064019788 to collect your reward
spam,You are selected for a free credit card with zero fees. Apply now by replying CARD
spam,You have been chosen to receive a brand new smartphone. Click http://claim-prize.example.com to claim
ham,Let's revise the linear regression chapter together
spam,You have 1 new voicemail. Call 09058097189 to listen now
spam,WIN a brand new car! Just text CAR to 86688. Entry costs 1.50
spam,Your account will be suspended. Verify your details immediately at www.secure-verify.example.net
ham,Happy new year to you and your family!
ham,The wifi at home is not working again
ham,Good morning! Have a nice day at work
ham,Thanks for the birthday wishes everyone!
spam,Limited time offer! Get unlimited data FREE for 3 months. Reply DATA to 54321
ham,Remember to water the plants while I'm away
ham,"Sure, that works for me"
spam,"Dear customer, you are entitled to a free upgrade on your phone. Call 08002986030 today"
ham,Shall I book the tickets for the 9pm show?
ham,"Thanks for helping me move yesterday, really appreciate it"
ham,"I watched that series you suggested, loved it"
ham,We won the match! Celebration at my place tonight
ham,Let's go for a walk in the evening if it doesn't rain
ham,Happy birthday! Hope you have a great day
ham,"Ok no problem, take your time"
ham,Can you explain question 5 from the problem set?
ham,"I'm stuck in traffic, will reach by 7"
ham,Did you eat? I can order food for both of us
ham,Get well soon! Take rest and drink lots of water
ham,Can you pick up some milk and bread on your way back?
ham,"Just finished my workout, feeling good"
spam,Final notice: you have an unclaimed prize waiting. Call 09061701461 now
ham,What time does the movie start?
ham,Mom says call her when you get a chance
ham,"See you tomorrow then, bye"
ham,Coffee tomorrow morning before class?
ham,Please bring my charger when you come
ham,"Haha that was so funny, I can't stop laughing"
